{
    "counter": {
        "ACTIVE": 139,
        "INACTIVE": 87,
        "INVALID": 0,
        "MALICIOUS": 0,
        "SANE": 0,
        "VALID": 0,
        "total": 226
    },
    "percentage": {
        "ACTIVE": 62.05357142857143,
        "INACTIVE": 38.49557522123894,
        "INVALID": 0,
        "MALICIOUS": 0,
        "SANE": 0,
        "VALID": 0,
        "total": 100.54914664981037
    }
}